<?xml version="1.0" encoding="UTF-8" ?>
<!DOCTYPE mapper
  PUBLIC "-//mybatis.org//DTD Mapper 3.0//EN"
  "http://mybatis.org/dtd/mybatis-3-mapper.dtd">
<mapper namespace="ecosystem.eshopping.dao.ContactDAO">
	<update id="activate">
		UPDATE contact 
			SET activated = 1
			WHERE id = #{id}
	</update>
	
	<delete id="remove">
		DELETE FROM contact WHERE id = #{id}
	</delete>
	
	<insert id="add">
		INSERT INTO contact(
			title, content, dateline
		) VALUES(
			#{contact.title}, #{contact.content}, #{contact.dateline}
		)
	</insert>
	
	<update id="update">
		UPDATE contact 
			SET title = #{contact.title}, 
			content = #{contact.content}, 
			activated = 0, 
			dateline = #{contact.dateline}
			WHERE id = #{contact.id}
	</update>
	
	<select id="search" resultType="ecosystem.eshopping.model.dto.ContactDTO">
		SELECT * FROM contact
			WHERE id = #{id}
 	</select>
 	
	<select id="listContact" resultType="ecosystem.eshopping.model.dto.ContactDTO">
		SELECT * FROM contact
		<if test="activated == 1">
			WHERE activated = #{activated}
		</if>
			LIMIT #{maxCount}
 	</select>
</mapper>