<?xml version="1.0" encoding="UTF-8" ?>
<!DOCTYPE mapper
  PUBLIC "-//mybatis.org//DTD Mapper 3.0//EN"
  "http://mybatis.org/dtd/mybatis-3-mapper.dtd">
<mapper namespace="ecosystem.eshopping.dao.CustomerDAO">
	<update id="activate">
		UPDATE customer 
			SET activated = 1
			WHERE id = #{id}
	</update>
	
	<delete id="remove">
		DELETE FROM customer WHERE id = #{id}
	</delete>
	
	<insert id="add">
		INSERT INTO customer(
			title, picture, content, dateline
		) VALUES(
			#{customer.title}, #{customer.picture}, #{customer.content}, #{customer.dateline}
		)
	</insert>
	
	<update id="update">
		UPDATE customer 
			SET title = #{customer.title}, 
			<if test="customer.picture != null">
			picture = #{customer.picture}, 
			</if>
			content = #{customer.content}, 
			activated = 0, 
			dateline = #{customer.dateline}
			WHERE id = #{customer.id}
	</update>
	
	<select id="search" resultType="ecosystem.eshopping.model.dto.CustomerDTO">
		SELECT * FROM customer
			WHERE id = #{id}
 	</select>
 	
	<select id="listCustomer" resultType="ecosystem.eshopping.model.dto.CustomerDTO">
		SELECT * FROM customer
		<if test="activated == 1">
			WHERE activated = #{activated}
		</if>
			LIMIT #{maxCount}
 	</select>
</mapper>