<?xml version="1.0" encoding="UTF-8" ?>
<!DOCTYPE mapper
  PUBLIC "-//mybatis.org//DTD Mapper 3.0//EN"
  "http://mybatis.org/dtd/mybatis-3-mapper.dtd">
<mapper namespace="ecosystem.eshopping.dao.InitializerDAO">
	<insert id="initUser">
		INSERT INTO user(
			account, password, dateline
		) VALUES(
			#{user.account}, #{user.password}, #{user.dateline}
		)
	</insert>
	
	<insert id="createUser">
		CREATE TABLE IF NOT EXISTS user(
	    	id INTEGER PRIMARY KEY AUTOINCREMENT, 
	    	account VARCHAR(255) NOT NULL, 
	    	password VARCHAR(255) NOT NULL, 
	    	dateline BIGINT NOT NULL
	    )
	</insert>
	
	<insert id="createNews">
		CREATE TABLE IF NOT EXISTS news(
	    	id INTEGER PRIMARY KEY AUTOINCREMENT, 
	    	title VARCHAR(255) NOT NULL, 
	    	content TEXT NOT NULL, 
	    	picture VARCHAR(256) NOT NULL, 
	    	activated INTEGER NOT NULL DEFAULT 0, 
	    	dateline BIGINT NOT NULL
	    )
	</insert>
	
	<insert id="createProduct">
		CREATE TABLE IF NOT EXISTS product(
	    	id INTEGER PRIMARY KEY AUTOINCREMENT, 
	    	title VARCHAR(255) NOT NULL, 
	    	content TEXT NOT NULL, 
	    	picture VARCHAR(256) NOT NULL, 
	    	activated INTEGER NOT NULL DEFAULT 0, 
	    	dateline BIGINT NOT NULL
	    )
	</insert>
	
	<insert id="createContact">
		CREATE TABLE IF NOT EXISTS contact(
	    	id INTEGER PRIMARY KEY AUTOINCREMENT, 
	    	title VARCHAR(255) NOT NULL, 
	    	content TEXT NOT NULL, 
	    	activated INTEGER NOT NULL DEFAULT 0, 
	    	dateline BIGINT NOT NULL
	    )
	</insert>
	
	<insert id="createCustomer">
		CREATE TABLE IF NOT EXISTS customer(
	    	id INTEGER PRIMARY KEY AUTOINCREMENT, 
	    	title VARCHAR(255) NOT NULL, 
	    	picture VARCHAR(256) NOT NULL, 
	    	content TEXT NOT NULL, 
	    	activated INTEGER NOT NULL DEFAULT 0, 
	    	dateline BIGINT NOT NULL
	    )
	</insert>
	
	<insert id="createCarousel">
		CREATE TABLE IF NOT EXISTS carousel(
	    	id INTEGER PRIMARY KEY AUTOINCREMENT, 
	    	title VARCHAR(255) NOT NULL, 
	    	picture VARCHAR(256) NOT NULL, 
	    	activated INTEGER NOT NULL DEFAULT 0, 
	    	dateline BIGINT NOT NULL
	    )
	</insert>
	
	<insert id="createIntroduction">
		CREATE TABLE IF NOT EXISTS introduction(
	    	content TEXT NOT NULL, 
	    	picture VARCHAR(256) NOT NULL, 
	    	copyRight VARCHAR(1000), 
	    	activated INTEGER NOT NULL DEFAULT 0, 
	    	dateline BIGINT NOT NULL
	    )
	</insert>
</mapper>