<?xml version="1.0" encoding="UTF-8" ?>
<!DOCTYPE mapper
  PUBLIC "-//mybatis.org//DTD Mapper 3.0//EN"
  "http://mybatis.org/dtd/mybatis-3-mapper.dtd">
<mapper namespace="ecosystem.eshopping.dao.IntroductionDAO">
	<update id="activate">
		UPDATE introduction 
			SET activated = 1
	</update>
	
	<update id="update">
		UPDATE introduction 
			<set>
				<if test="introduction.content != null">
					content = #{introduction.content}, 
				</if>
				<if test="introduction.picture != null">
					picture = #{introduction.picture}, 
				</if>
				<if test="introduction.copyRight != null">
					copyRight = #{introduction.copyRight}, 
				</if>
				activated = 0
			</set>
				
	</update>
	
	<select id="search" resultType="ecosystem.eshopping.model.dto.IntroductionDTO">
		SELECT * FROM introduction LIMIT 1
 	</select>
 	
	<insert id="add">
		INSERT INTO introduction(
			content, picture, copyRight, dateline
		) VALUES(
			#{introduction.content},
			#{introduction.picture}, #{introduction.copyRight}, 
			#{introduction.dateline}
		)
	</insert>
</mapper>