<?xml version="1.0" encoding="UTF-8" ?>
<!DOCTYPE mapper
  PUBLIC "-//mybatis.org//DTD Mapper 3.0//EN"
  "http://mybatis.org/dtd/mybatis-3-mapper.dtd">
<mapper namespace="ecosystem.eshopping.dao.NewsDAO">
	<update id="activateNews">
		UPDATE news 
			SET activated = 1
			WHERE id = #{id}
	</update>
	
	<update id="activateCarousel">
		UPDATE carousel 
			SET activated = 1
			WHERE id = #{id}
	</update>
	
	<update id="updateCarousel">
		UPDATE carousel 
			SET title = #{carousel.title}, 
			<if test="carousel.picture != null">
			picture = #{carousel.picture}, 
			</if>
			activated = 0, 
			dateline = #{carousel.dateline}
			WHERE id = #{carousel.id}
	</update>
	
	<delete id="removeCarousel">
		DELETE FROM carousel WHERE id = #{id}
	</delete>
	
	<select id="searchCarousel" resultType="ecosystem.eshopping.model.dto.CarouselDTO">
		SELECT * FROM carousel
			WHERE id = #{id}
 	</select>
 	
	<insert id="addCarousel">
		INSERT INTO carousel(
			title, picture, dateline
		) VALUES(
			#{carousel.title}, #{carousel.picture}, #{carousel.dateline}
		)
	</insert>
	
	<update id="updateNews">
		UPDATE news 
			SET title = #{news.title}, 
			<if test="news.picture != null">
			picture = #{news.picture}, 
			</if>
			content = #{news.content}, 
			activated = 0, 
			dateline = #{news.dateline}
			WHERE id = #{news.id}
	</update>
	
	<select id="searchNews" resultType="ecosystem.eshopping.model.dto.NewsDTO">
		SELECT * FROM news
			WHERE id = #{id}
 	</select>
 	
	<delete id="removeNews">
		DELETE FROM news WHERE id = #{id}
	</delete>
	
	<insert id="addNews">
		INSERT INTO news(
			title, content, picture, dateline
		) VALUES(
			#{news.title}, #{news.content}, #{news.picture}, #{news.dateline}
		)
	</insert>
	
	<select id="listNews" resultType="ecosystem.eshopping.model.dto.NewsDTO">
		SELECT * FROM news
		<if test="activated == 1">
			WHERE activated = #{activated}
		</if>
			LIMIT #{maxCount}
 	</select>
 	
	<select id="listCarousel" resultType="ecosystem.eshopping.model.dto.CarouselDTO">
		SELECT * FROM carousel
			<if test="activated == 1">
				WHERE activated = #{activated}
			</if>
				ORDER BY dateline DESC LIMIT #{maxCount}
 	</select>
</mapper>