<?xml version="1.0" encoding="UTF-8" ?>
<!DOCTYPE mapper
  PUBLIC "-//mybatis.org//DTD Mapper 3.0//EN"
  "http://mybatis.org/dtd/mybatis-3-mapper.dtd">
<mapper namespace="ecosystem.eshopping.dao.ProductDAO">
	<update id="activate">
		UPDATE product 
			SET activated = 1
			WHERE id = #{id}
	</update>
	
	<delete id="remove">
		DELETE FROM product WHERE id = #{id}
	</delete>
	
	<insert id="add">
		INSERT INTO product(
			title, content, picture, dateline
		) VALUES(
			#{product.title}, #{product.content}, #{product.picture}, #{product.dateline}
		)
	</insert>
	
	<update id="update">
		UPDATE product 
			SET title = #{product.title}, 
			<if test="product.picture != null">
			picture = #{product.picture}, 
			</if>
			content = #{product.content}, 
			activated = 0, 
			dateline = #{product.dateline}
			WHERE id = #{product.id}
	</update>
	
	<select id="search" resultType="ecosystem.eshopping.model.dto.ProductDTO">
		SELECT * FROM product
			WHERE id = #{id}
 	</select>
 	
	<select id="listProduct" resultType="ecosystem.eshopping.model.dto.ProductDTO">
		SELECT * FROM product
		<if test="activated == 1">
			WHERE activated = #{activated}
		</if>
			LIMIT #{maxCount}
 	</select>
</mapper>