<?xml version="1.0" encoding="UTF-8"?>
<beans xmlns="http://www.springframework.org/schema/beans"
       xmlns:xsi="http://www.w3.org/2001/XMLSchema-instance"
       xsi:schemaLocation="http://www.springframework.org/schema/beans 
       http://www.springframework.org/schema/beans/spring-beans.xsd">
    <bean
      class="org.springframework.beans.factory.config.PropertyPlaceholderConfigurer">
        <property name="locations">
            <list>
                <value>file:/ecosystem/config/eshopping.properties</value>
            </list>
        </property>
        <property name="ignoreUnresolvablePlaceholders" value="true"/>
    </bean>

	<bean class="com.alibaba.druid.pool.DruidDataSource" 
	       id="dataSource">  
		<property name="driverClassName" value="${jdbc.driverClassName}"></property>  
		<property name="url" value="${jdbc.url}"></property>  
		<property name="username" value="${jdbc.username}"></property>  
		<property name="password" value="${jdbc.password}"></property>  
		<property name="initialSize" value="${jdbc.initialPoolSize}"></property>  
		<property name="minIdle" value="${jdbc.minPoolSize}"></property>  
		<property name="maxActive" value="${jdbc.maxPoolSize}"></property>  
	</bean>
    
	<bean id="sqlSessionFactory" class="org.mybatis.spring.SqlSessionFactoryBean">
      <property name="dataSource" ref="dataSource" />
      <property name="mapperLocations">
           <array>
               <value>classpath:mapper/*.xml</value>
           </array>
       </property> 
    </bean>
    
    <bean id="transactionManager" class="org.springframework.jdbc.datasource.DataSourceTransactionManager">
		<property name="dataSource" ref="dataSource" />
	</bean>
</beans>